mlp_rank,tmm_rank_within_mlp_top10,candidate_index,d1_nm,d2_nm,d3_nm,d4_nm,mlp_reflectance_at_target,tmm_reflectance_at_target
1,8,5928,160.51826516846185,40.81542403227643,134.34273906615246,176.84228919739797,-0.02629406936466694,0.0045035008292295025
2,7,6894,165.77875849562156,41.25145364462514,132.76754598006903,59.16123330916466,-0.020929502323269844,0.004415655181472575
3,1,7207,162.4617181431749,44.84497778633623,134.53432696311467,57.814460505754724,-0.018718296661973,0.00191279738006693
4,4,3612,163.75580480490942,47.066338069861345,129.52946140549102,105.0066642152072,-0.017359035089612007,0.003080942739546729
5,5,5085,164.01984717355526,40.446917656011905,122.18823229237296,108.4834070797207,-0.013855218887329102,0.00332688044061612
6,10,4070,163.44583588214755,41.480309427238,135.3684351884046,114.18973191175118,-0.013425888493657112,0.006630788073648697
7,2,2898,161.25695819225012,55.877357209401595,126.86692481401549,66.6583504354135,-0.01274109072983265,0.002115300502841489
8,9,8699,40.406467181488935,46.547564010024956,59.741260880179496,69.7655505369801,-0.011789252981543541,0.005227974406346334
9,3,531,159.39859005490717,62.63696735586327,128.35963060260514,53.329789177132945,-0.010098684579133987,0.002220622020616697
10,6,702,121.45451669129054,174.55901444305937,106.79348325665532,155.33621826988423,-0.009076613932847977,0.004189000616032473
