epoch,training_mse,validation_mse
1.0,0.0687609493136406,0.03490765392780304
2.0,0.030697641044855117,0.028666334226727486
3.0,0.02686165851354599,0.02665511891245842
4.0,0.02487687237560749,0.02432425133883953
5.0,0.022314069524407388,0.02152992971241474
6.0,0.019488958701491355,0.01895117200911045
7.0,0.01719714891910553,0.017029814422130585
8.0,0.015460717149078845,0.015303734689950943
9.0,0.013750440776348113,0.013600789941847324
10.0,0.01242443486303091,0.012311901897192001
11.0,0.011500205852091312,0.011759912595152855
12.0,0.010730731889605521,0.010851471684873104
13.0,0.010119979441165924,0.010205592028796673
14.0,0.009495406024158002,0.009728794917464256
15.0,0.008995705984532833,0.009234357625246048
16.0,0.008537664070725441,0.008836697787046432
17.0,0.00808693828433752,0.008280271664261818
18.0,0.007737549684941769,0.00791118759661913
19.0,0.0073733748197555545,0.007693670690059662
20.0,0.007142359182238578,0.007400813978165388
21.0,0.006773406334221363,0.006879620719701052
22.0,0.0064384213276207445,0.006905670743435621
23.0,0.006146099515259266,0.006252931896597147
24.0,0.0057672117799520495,0.005879694130271673
25.0,0.0053998659178614615,0.005472823046147823
26.0,0.005079621555283666,0.005307857878506184
27.0,0.004796944659203291,0.0049826474860310555
28.0,0.004495082627981901,0.0045706829987466335
29.0,0.004221692156046629,0.004310315009206533
30.0,0.003974223643541336,0.004092538263648748
31.0,0.0037430663779377937,0.003800631733611226
32.0,0.003433098139241338,0.003524946281686425
33.0,0.003203447598963976,0.0034031993709504604
34.0,0.003057683862745762,0.0031932578422129154
35.0,0.0029215570092201233,0.003026045160368085
36.0,0.002802029633894563,0.00315301027148962
37.0,0.0027105583436787127,0.0028659559320658445
38.0,0.002588929446414113,0.002708652289584279
39.0,0.002457196295261383,0.002573275240138173
40.0,0.0023841305850073697,0.002475794404745102
41.0,0.0023156049177050593,0.002487449673935771
42.0,0.002258240981027484,0.002336014062166214
43.0,0.002234497845172882,0.0025262399576604366
44.0,0.0021884809266775845,0.0023161317221820354
45.0,0.0021046691592782737,0.002199794165790081
46.0,0.0020379175478592517,0.002110787434503436
47.0,0.0019896542439237237,0.002183143049478531
48.0,0.0019636293118819596,0.0020622906740754843
49.0,0.0019061848372220994,0.0020107373129576445
50.0,0.0018689618408679963,0.0019054142758250237
51.0,0.0018116989294067025,0.0018830792978405952
52.0,0.0017782144928351045,0.0019691099878400564
53.0,0.001757258255034685,0.0018485946347936988
54.0,0.0016957442425191403,0.00182938517536968
55.0,0.0016829147841781378,0.0017489333404228091
56.0,0.0016738127982243896,0.0017828559502959251
57.0,0.0016344964019954205,0.0017278806772083044
58.0,0.0015944116516038776,0.0016721731517463923
59.0,0.0015681178737431765,0.001746076624840498
60.0,0.0015568089419975876,0.001636133762076497
61.0,0.0015467702494934201,0.0016219194512814283
62.0,0.0014680568454787134,0.0015427046455442905
63.0,0.0014381896536797285,0.0015419806586578488
64.0,0.0014313490008935332,0.00149012659676373
65.0,0.0014068250209093094,0.0015247322153300047
66.0,0.001389562601223588,0.0014970932388678193
67.0,0.001367023441940546,0.0014499026583507657
68.0,0.001323897497728467,0.0014426063280552626
69.0,0.0013304763631895185,0.001529716537334025
70.0,0.0013527526063844561,0.0015175606822595
71.0,0.0012920445539057255,0.0013194996863603592
72.0,0.001236202921718359,0.0013336035190150142
73.0,0.0012227941546589136,0.0013376859715208411
74.0,0.0012511293226853014,0.0012719501974061131
75.0,0.0012179815424606204,0.001351704471744597
76.0,0.0012088047862052918,0.0012751315953209996
77.0,0.0011645474443212152,0.0012731972383335233
78.0,0.001130295529961586,0.001215824973769486
79.0,0.001095936229452491,0.0012166575761511922
80.0,0.0010976223959587514,0.0012186311651021242
81.0,0.0010821642149239777,0.0012005590833723545
82.0,0.0010508654089644552,0.0011760456254705787
83.0,0.0010439766347408294,0.0011599702993407845
84.0,0.0010229757949709892,0.0011971305357292295
85.0,0.000977735641412437,0.001094246981665492
86.0,0.0010080201993696392,0.0010619458043947816
87.0,0.0009578407313674688,0.001045804237946868
88.0,0.0009443033165298403,0.0010180732933804393
89.0,0.0009183615799993277,0.0009607370011508465
90.0,0.0009146745875477791,0.0010074127931147814
91.0,0.0008877221145667136,0.0009676855406723917
92.0,0.0008972224434837699,0.0010669257026165724
93.0,0.0009136535697616637,0.0009193652076646686
94.0,0.0008476995984092355,0.0009243610547855496
95.0,0.0008195123760960996,0.0008752212743274868
96.0,0.0008121404871344566,0.000944312836509198
97.0,0.0008080178759992123,0.0008677828591316938
98.0,0.000813721873331815,0.0008738356991671026
99.0,0.0007796692452393473,0.0008703167550265789
100.0,0.000775615431368351,0.0008537198300473392
101.0,0.0007596458890475333,0.0008365298272110522
102.0,0.0007517063631676137,0.0008840617956593633
103.0,0.0007351686800830066,0.0008641444146633148
104.0,0.0007414969494566321,0.0008444100385531783
105.0,0.000720427930355072,0.0007799033774062991
106.0,0.0007039267220534384,0.0008053963538259268
107.0,0.0007202831087633968,0.0008115330128930509
108.0,0.0007033736440353095,0.0007842783816158772
109.0,0.0006890951637178659,0.0007247740286402404
110.0,0.0006869163135997951,0.0007646438898518682
111.0,0.000690738779027015,0.0007787971990182996
112.0,0.0006695638140663504,0.0007288006599992514
113.0,0.0006609592786990106,0.0007177331717684865
114.0,0.0006442489833571016,0.0007315074908547103
115.0,0.0006624057264998555,0.0007980088121257722
116.0,0.0006986978482455015,0.0006953864358365536
117.0,0.0006210565450601279,0.0006839147536084056
118.0,0.0006209381185472012,0.0007357533904723823
119.0,0.0006416929899714887,0.0007297847187146544
120.0,0.0006224892856553197,0.0007152293692342937
121.0,0.0006190972225740552,0.0007121263770386577
122.0,0.000614431404042989,0.0006774495122954249
123.0,0.0006240677116438746,0.0007209062459878623
124.0,0.0006080789784900844,0.0006609703414142132
125.0,0.0005757836126722395,0.0006685772677883506
126.0,0.0005885079894214868,0.0007462968351319432
127.0,0.0005936276842840016,0.0006736086215823889
128.0,0.0005901916590519249,0.0006752622430212796
129.0,0.0005714155458845198,0.0006685935659334064
130.0,0.0005850071627646685,0.0007061387877911329
131.0,0.0006006194823421538,0.0007366642821580172
132.0,0.0006004872480407358,0.0006834378582425416
133.0,0.0005699641236569733,0.0006258152425289154
134.0,0.0005454724212177098,0.0006113430135883391
135.0,0.0005504133480135351,0.0006467302446253598
136.0,0.0005473396978341043,0.0006332906777970493
137.0,0.0005419575241394341,0.00060031667817384
138.0,0.0005405412977561355,0.0006643664673902094
139.0,0.0005334589672274887,0.0005972824292257428
140.0,0.0005619059433229267,0.0007275709067471325
141.0,0.0005536814192309976,0.0006711237947456539
142.0,0.0005671608373522759,0.0006312357727438211
143.0,0.0005277574877254665,0.0005882398108951747
144.0,0.0005442290704231709,0.0006392777431756258
145.0,0.000519017793238163,0.0005905620055273175
146.0,0.000529085463611409,0.000638631812762469
147.0,0.0005280484580434859,0.0006473696557804942
148.0,0.0005435271980240941,0.0006617283797822893
149.0,0.0005508688485715538,0.0005924656288698316
150.0,0.000499920460395515,0.0005785701214335859
151.0,0.0005002506077289581,0.0005851389141753316
152.0,0.0005023283613845706,0.0005883334670215845
153.0,0.0004851792375557125,0.0005814258474856615
154.0,0.0005042495920788497,0.0006023205351084471
155.0,0.0005023506102152168,0.0005789635470137
156.0,0.0005012578652240335,0.0006865927716717124
157.0,0.0005508175697177648,0.0006703743129037321
158.0,0.0005140524907037616,0.0005850469460710883
159.0,0.0004736901996657252,0.0005518770194612443
160.0,0.0004740046211518347,0.0005622006137855351
161.0,0.0004696975722908974,0.0005338501068763435
162.0,0.0004612245112657547,0.0005418492946773767
163.0,0.00047590409335680306,0.0005690433317795396
164.0,0.00048213898902758955,0.000588208728004247
165.0,0.0005131314815953374,0.0005959898116998374
166.0,0.0004765661966521293,0.0005425290437415242
167.0,0.00045045984326861797,0.0005167187191545963
168.0,0.0004704262102022767,0.0005946354940533638
169.0,0.0004657322894781828,0.0005505619337782264
170.0,0.00048120657447725534,0.0006110678659752011
171.0,0.0004739240575581789,0.0005364387761801481
172.0,0.00046607325435616076,0.0005207270151004195
173.0,0.00045122079947032036,0.0005365695687942207
174.0,0.00044191782153211534,0.0005185605259612203
175.0,0.0004415340363048017,0.0005161107401363552
176.0,0.0004448517395649105,0.0005266147782094777
177.0,0.00043825106462463736,0.0005389136495068669
178.0,0.00045723467832431197,0.0005477354279719293
179.0,0.0004677978348918259,0.0005862833349965513
180.0,0.0004694825727492571,0.0005771020078100264
181.0,0.00046990248723886906,0.0005383101524785161
182.0,0.0004315420298371464,0.0004916430916637182
183.0,0.0004205444185063243,0.0005449297605082393
184.0,0.0004347379966638982,0.0005548268090933561
185.0,0.0004329469704534858,0.0004887182731181383
186.0,0.0004243494353722781,0.0004864363290835172
187.0,0.00042641192721202967,0.0004971852176822722
188.0,0.0004239096762612462,0.0005691431579180062
189.0,0.00043989529041573404,0.00048573335516266525
190.0,0.0004132457943633199,0.0004940661019645631
191.0,0.00042341294651851056,0.000536201405338943
192.0,0.00042731753806583584,0.000586584908887744
193.0,0.0004501118452753872,0.0005087939207442105
194.0,0.0004174726475030184,0.0005467878072522581
195.0,0.00043438982893712817,0.00048735446762293577
196.0,0.0004183428587857634,0.000511838705278933
197.0,0.0004212337275967002,0.000484304764540866
198.0,0.00040243952185846864,0.0004693051741924137
199.0,0.00039909719489514826,0.00047091199667192996
200.0,0.0004063597703352571,0.0004709285276476294
201.0,0.00041099599795416,0.0005386416451074183
202.0,0.000399339365772903,0.0004998135264031589
203.0,0.00041289186268113554,0.0004791199753526598
204.0,0.0004125698986463249,0.0004997750511392951
205.0,0.000399638841394335,0.0004927254049107432
206.0,0.0004086399939842522,0.0004957484779879451
207.0,0.0003972884526010603,0.00048453424824401736
208.0,0.0003983394606038928,0.000491813407279551
209.0,0.0003967394386418164,0.0004739940050058067
210.0,0.00039951939391903577,0.00047598136006854475
211.0,0.0004115435965359211,0.0005099843838252127
212.0,0.00040957682533189656,0.0004616432706825435
213.0,0.0004030831016134471,0.0005440217792056501
214.0,0.0004038901671301573,0.0005406424170359969
215.0,0.00039067001920193434,0.0004802264738827944
216.0,0.0003894254430197179,0.0004585349524859339
217.0,0.0003768271573353559,0.0005117441760376096
218.0,0.0004014064846560359,0.00048643050831742585
219.0,0.0003820892469957471,0.0004352189425844699
220.0,0.00038735069241374733,0.00048406582209281623
221.0,0.00037727797171100975,0.0004534512117970735
222.0,0.0004068723735399544,0.0004933066666126251
223.0,0.0004083001136314124,0.0004538263601716608
224.0,0.0003793656264897436,0.0005223462358117104
225.0,0.0003883244099561125,0.0004750352236442268
226.0,0.0003986452827230096,0.00044223794247955084
227.0,0.0003790571440476924,0.00046902289614081383
228.0,0.00037532297265715895,0.00046269717859104276
229.0,0.00038669288740493356,0.0005531716160476208
230.0,0.00037567871622741223,0.0004344185581430793
231.0,0.00037622203351929786,0.0004595781210809946
232.0,0.0003811711762100458,0.0004722685844171792
233.0,0.00038122951379045844,0.00045548324123956263
234.0,0.000362707388587296,0.00047523860121145844
235.0,0.00038112518144771455,0.0004650340124499053
236.0,0.00036721884179860353,0.0004996790667064488
237.0,0.00038068372523412106,0.0004370586248114705
238.0,0.000372062393464148,0.00042250764090567827
239.0,0.000359998156549409,0.0005463528796099126
240.0,0.0003985242322087288,0.0004420942859724164
241.0,0.0003578649645205587,0.0004495280736591667
242.0,0.00035802366747520863,0.0004866317322012037
243.0,0.00036195044382475314,0.0004319152794778347
244.0,0.00035917509999126195,0.000428552768426016
245.0,0.0003466141987591982,0.00042208764352835715
246.0,0.00034211313421837985,0.00040616001933813095
247.0,0.000370131388772279,0.0004945648252032697
248.0,0.00035317718517035245,0.000445686950115487
249.0,0.0003457821004558355,0.0004186053411103785
250.0,0.0003510904172435403,0.0004339603765401989
251.0,0.00035642872517928484,0.000423547433456406
252.0,0.00036956081446260213,0.0004471335851121694
253.0,0.0003463583968114108,0.00046867417404428124
254.0,0.0003366968699265271,0.00045459839748218656
255.0,0.00036455161147750916,0.0004313879180699587
256.0,0.00035532389744184913,0.00042466833838261664
257.0,0.0003498596593271941,0.00044830000842921436
258.0,0.00036811227817088365,0.00044021569192409515
259.0,0.00033767611882649365,0.00046709715388715267
260.0,0.00033900755597278474,0.00043563309009186924
261.0,0.0003440845387522131,0.00043737393571063876
262.0,0.0003433284149505198,0.0004215938679408282
263.0,0.0003290216173045337,0.00043478686711750925
264.0,0.00033929687598720194,0.0004114379407837987
265.0,0.0003479641219601035,0.00044843481737188995
266.0,0.00034929139842279253,0.00048970861826092
267.0,0.00034943652618676425,0.00042948444024659693
268.0,0.00032789105363190173,0.0004117692296858877
269.0,0.0003309743348509073,0.0004493434389587492
270.0,0.0003545795145910233,0.0004800764436367899
271.0,0.00033432524465024473,0.0004171767213847488
272.0,0.0003309089106041938,0.00039590519736520946
273.0,0.00032513047428801655,0.00042165626655332744
274.0,0.00036736468691378834,0.00045603050966747105
275.0,0.0003377553317695856,0.0004448897088877857
276.0,0.0003341713782865554,0.0004245446471031755
277.0,0.00033315572747960685,0.00041824200889095664
278.0,0.00033176851226016877,0.0004074924800079316
279.0,0.00033842313406057657,0.0004479516646824777
280.0,0.00033466299623250963,0.00042464633588679135
281.0,0.00032818184536881746,0.0004353844269644469
282.0,0.00032261836342513563,0.00038524746196344495
283.0,0.00033500461815856396,0.00038484169635921717
284.0,0.0003369580521248281,0.0003960361354984343
285.0,0.0003197068441659212,0.00038960075471550226
286.0,0.00031997017096728085,0.00038226405740715563
287.0,0.0003223260836675763,0.00038416896131820977
288.0,0.0003068345843348652,0.00037445436464622617
289.0,0.000305644404143095,0.0004660518898162991
290.0,0.00030476981424726546,0.0003907632490154356
291.0,0.00030695127532817424,0.0003916837740689516
292.0,0.0003262637909501791,0.0004165087884757668
293.0,0.00033344551781192423,0.00048661630717106164
294.0,0.0003228655559942126,0.0003979051543865353
295.0,0.000322342321742326,0.00039799968362785876
296.0,0.00032137904479168355,0.0004554558836389333
297.0,0.0003285574857145548,0.0004128793370909989
298.0,0.00031899123452603815,0.00043937706504948437
299.0,0.000326874362770468,0.0005077579990029335
300.0,0.00034662201255559924,0.00039709502016194165
301.0,0.00030389254749752583,0.0003999099717475474
302.0,0.0003196102306246757,0.0004488412232603878
303.0,0.00031080687372013927,0.0003822750586550683
304.0,0.00031689748214557765,0.0003963928611483425
305.0,0.0003057324360124767,0.0004105516418348998
306.0,0.0003142781341448426,0.00038157793460413814
307.0,0.000306270367000252,0.0004127191787119955
308.0,0.0003041235900018364,0.00039641710463911295
309.0,0.0003030333253555,0.000359035941073671
310.0,0.00030237412732094524,0.00036251224810257554
311.0,0.0002910314071923494,0.00035735024721361697
312.0,0.00030218784464523194,0.0003592867578845471
313.0,0.0003006831961683929,0.00041446261457167566
314.0,0.00030446313391439616,0.00042696273885667324
315.0,0.00031650804984383285,0.00037847578641958535
316.0,0.0002973762305919081,0.00037997617619112134
317.0,0.00030698447721078993,0.0003595509333536029
318.0,0.00029558667889796196,0.00041563407285138965
319.0,0.0003040574910119176,0.0003730344178620726
320.0,0.00029948649741709234,0.00039916648529469967
321.0,0.0002994895549491048,0.0003714722115546465
322.0,0.00029740803642198444,0.00037476533907465637
323.0,0.00030205512105021626,0.00039324708632193506
324.0,0.000300394574413076,0.00042133097304031253
325.0,0.00031503581162542103,0.00036227438249625266
326.0,0.0002994514221791178,0.0003604510275181383
327.0,0.0002873466203454882,0.00037621200317516923
328.0,0.0002849924073088914,0.00040176117909140885
329.0,0.0002874460956081748,0.00042039548861794174
330.0,0.00030524086742661895,0.00036044782609678805
331.0,0.00029408949473872783,0.0004005187365692109
332.0,0.00029744356777518986,0.000390396686270833
333.0,0.0002891534499358386,0.0003616223984863609
334.0,0.0002920185010880232,0.00035163131542503834
335.0,0.00029191198106855154,0.0003677492495626211
336.0,0.0002852588959503919,0.00040677053038962185
337.0,0.0002954057725146413,0.0003891813103109598
338.0,0.00030048344493843613,0.0003785856533795595
339.0,0.0003135406898800284,0.00045134572428651154
340.0,0.00029961943812668325,0.00036688067484647036
341.0,0.0002879563997266814,0.0003571888373699039
342.0,0.00031722842040471735,0.0003588666149880737
343.0,0.00028546449728310107,0.0003665801777970046
344.0,0.0002793994010426104,0.0003517660079523921
345.0,0.0002809772756882012,0.0003935185959562659
346.0,0.0002953053975943476,0.0003884656180161983
347.0,0.00029898235364817085,0.0004029099945910275
348.0,0.0002900667083449662,0.00033950424403883517
349.0,0.00028414758294820783,0.0003792700881604105
350.0,0.0002821915720123798,0.0003491306270007044
351.0,0.0002858295930782333,0.00034903539926745
352.0,0.000281083480687812,0.00035973743069916964
353.0,0.0002859193009790033,0.0004148735315538943
354.0,0.00029786401882302013,0.00034290464827790856
355.0,0.00028029446071013806,0.00036140892188996077
356.0,0.00027071652747690677,0.00036229839315637946
357.0,0.000282016989775002,0.00034474843414500356
358.0,0.0002768502261023968,0.0003260957892052829
359.0,0.00027294141240417956,0.00036546317278407514
360.0,0.0002892159535549581,0.00037909671664237976
361.0,0.00027546385093592105,0.00032698901486583054
362.0,0.00028290925780311227,0.00038306284113787115
363.0,0.0002777201805729419,0.0003709706070367247
364.0,0.000305409470340237,0.0003738733648788184
365.0,0.0002847286013420671,0.00035045327967964113
366.0,0.0002741599369328469,0.000345478649251163
367.0,0.00026727182930335404,0.00034949590917676687
368.0,0.0002644052512478083,0.0003306499856989831
369.0,0.00028699704888276756,0.00037439606967382133
370.0,0.000267061899183318,0.0003386841854080558
371.0,0.00026906807767227293,0.00034856380079872906
372.0,0.00027716702758334575,0.00033205319778062403
373.0,0.00027846407750621436,0.0004109066794626415
374.0,0.0002753477785736322,0.0003483054751995951
375.0,0.0002814216623082757,0.000358413381036371
376.0,0.0003029907668242231,0.00044220584095455706
377.0,0.0003130792588926852,0.00036752797313965857
378.0,0.0002871790416538715,0.00035032868618145585
379.0,0.0002723574391566217,0.0003308543819002807
380.0,0.00026274991570971904,0.0003219039354007691
381.0,0.00026289364602416753,0.00034881161991506815
382.0,0.00025923058961052446,0.00034602623782120645
383.0,0.0002645100379595533,0.00032660228316672146
384.0,0.0002732305554673076,0.00034615196636877954
385.0,0.00026987517648376525,0.00040786719182506204
386.0,0.0002698364572133869,0.0003216360928490758
387.0,0.0002529216550756246,0.00032570023904554546
388.0,0.00026513166399672625,0.00035717670107260346
389.0,0.0002673076002392918,0.00033596131834201515
390.0,0.00027582501340657473,0.00033992205862887204
391.0,0.00029092848184518515,0.00038702855817973614
392.0,0.0002856998137431219,0.00034868213697336614
393.0,0.00025668331910856066,0.00032784396898932755
394.0,0.0002755335315596312,0.00037124802474863827
395.0,0.0002769955901894718,0.00034482122282497585
396.0,0.0002603357140906155,0.00034864459303207695
397.0,0.00025931722461245956,0.00034691934706643224
398.0,0.00027103890117723497,0.00033236233866773546
399.0,0.0002717408335302025,0.0003618989430833608
400.0,0.00026116490154527125,0.000322735431836918
401.0,0.00025440299254842104,0.00032238566200248897
402.0,0.0002526617057155818,0.00033842766424641013
403.0,0.0002550339114386588,0.000332327326759696
404.0,0.0002620915451552719,0.00032616910175420344
405.0,0.0002520968683529645,0.00032827319228090346
406.0,0.000250865722540766,0.0003487447975203395
407.0,0.00026583114149980245,0.0003484137123450637
408.0,0.0002650469813961536,0.00034418623545207083
409.0,0.0002565869010286406,0.0003091787511948496
410.0,0.0002483589006587863,0.00033554559922777116
411.0,0.00027019734703935685,0.0003366445889696479
412.0,0.0002487794877961278,0.00033862394047901034
413.0,0.00026449669327121227,0.00036532856756821275
414.0,0.00028343045595102015,0.0003350471379235387
415.0,0.00025592239398974925,0.0003201084036845714
416.0,0.0002466070926748216,0.0003212771553080529
417.0,0.00025835544941946864,0.00037196686025708914
418.0,0.00028057684074155986,0.000325367582263425
419.0,0.0002587395617738366,0.0003447607159614563
420.0,0.0002476317414548248,0.000327250367263332
421.0,0.0002445178509224206,0.00031763664446771145
422.0,0.0002494691843166947,0.00035027129342779517
423.0,0.0002530178182059899,0.00032453445601277053
424.0,0.00024834858416579664,0.00033881713170558214
425.0,0.00026259892887901516,0.0003321617841720581
426.0,0.0002625259537016973,0.00038537237560376525
427.0,0.0002552926723146811,0.00035778124583885074
428.0,0.0002576252955477685,0.00032509429729543626
429.0,0.0002473935345187783,0.00033709508716128767
430.0,0.00025050553493201734,0.0003526303917169571
431.0,0.0002581907140556723,0.0003357909736223519
432.0,0.0002379298647865653,0.00030940613942220807
433.0,0.00024136465543415396,0.00029890958103351295
434.0,0.000239710814319551,0.0003036691923625767
435.0,0.00024221538682468236,0.0003237776109017432
436.0,0.00025315501098521054,0.0003108250966761261
437.0,0.0002449497776106,0.0003276813658885658
438.0,0.0002465706197544932,0.0003216991317458451
439.0,0.00023440995952114463,0.00030573297408409417
440.0,0.00025302376633044334,0.00033458240795880556
441.0,0.00025508133799303324,0.00029784857179038227
442.0,0.00023954136215616017,0.0003517639124765992
443.0,0.00024362734716851264,0.00031279653194360435
444.0,0.00023691174760460853,0.0003682383394334465
445.0,0.0002445089257089421,0.0003438502026256174
446.0,0.00023663277551531792,0.00030382699333131313
447.0,0.00024182291910983622,0.0003056722925975919
448.0,0.0002528984167147428,0.00034449787926860154
449.0,0.00024659541458822785,0.00032671986264176667
450.0,0.00024282830127049239,0.00032914301846176386
451.0,0.00024608919490128755,0.00032118154922500253
452.0,0.00024010716658085584,0.0003071348473895341
453.0,0.00023874042439274489,0.0003055582055822015
454.0,0.0002485056376317516,0.0003349487960804254
455.0,0.0002480754954740405,0.00037458210135810077
456.0,0.00025966940447688105,0.0003078532754443586
457.0,0.00023655083449557424,0.00032164790900424123
458.0,0.00024041999701876195,0.00031946797389537096
459.0,0.00023570680292323232,0.00029869453283026814
460.0,0.00023314884467981754,0.0003212367882952094
461.0,0.00022781568299978973,0.0003211759903933853
462.0,0.00023443143209442497,0.00030806261929683387
463.0,0.00024245235719718038,0.0003212101000826806
464.0,0.00024825921840965746,0.000314895500196144
465.0,0.0002580944835208356,0.00033758339122869074
466.0,0.0002555325161665678,0.0003159483603667468
467.0,0.0002404582559829578,0.00029417447512969375
468.0,0.00023406452196650206,0.00031908994424156845
469.0,0.000254157223040238,0.00030944516765885055
470.0,0.00023945305007509887,0.000290371710434556
471.0,0.00024666474922560154,0.0003024043107870966
472.0,0.00023453154566232116,0.0002987767802551389
473.0,0.0002261881991289556,0.000317988422466442
474.0,0.00023871812457218765,0.00028734339866787195
475.0,0.00022254577151034028,0.0002987406332977116
476.0,0.0002394863695371896,0.0003462627064436674
477.0,0.00023221861384809016,0.00028320320416241884
478.0,0.00023576281638816,0.0003184312372468412
479.0,0.00024346018664073198,0.0003051761887036264
480.0,0.00023252228985074907,0.0003152799035888165
481.0,0.00023400206747464835,0.00033098665880970657
482.0,0.0002333997688256204,0.0003227886336389929
483.0,0.00022729388996958733,0.0003087200166191906
484.0,0.00022572205355390906,0.0003348698955960572
485.0,0.00023837601626291871,0.00030960916774347425
486.0,0.00022641702741384506,0.0003035309782717377
487.0,0.00023598580597899855,0.0003689845616463572
488.0,0.00024190721940249205,0.0002888675662688911
489.0,0.00023060804372653366,0.00031809593201614916
490.0,0.00023059707856737076,0.0002926105516962707
491.0,0.0002332133981399238,0.0002848808071576059
492.0,0.0002273326967842877,0.0003241666709072888
493.0,0.00022840190259739758,0.00032575411023572087
494.0,0.0002292573166778311,0.00028139931964688003
495.0,0.0002245540670119226,0.00030087237246334553
496.0,0.0002163985798833892,0.0002821602683980018
497.0,0.00022316733514890074,0.00028646804275922477
498.0,0.0002434216751717031,0.00029217105475254357
499.0,0.00022934395680204034,0.00034622583189047873
500.0,0.00023387867864221333,0.0003052104148082435
501.0,0.00022392355324700474,0.00030610544490627944
502.0,0.00022889213624875993,0.000397527648601681
503.0,0.0002622681150678545,0.0003257707867305726
504.0,0.00023080361366737635,0.0003049162623938173
505.0,0.00023914242931641637,0.00031819232390262187
506.0,0.0002209536962909624,0.000288961484329775
507.0,0.00022440096247009934,0.00028864937485195696
508.0,0.0002187555372947827,0.0002915461955126375
509.0,0.00023523144889622927,0.00031793935340829194
510.0,0.00024489657883532346,0.0003202477819286287
511.0,0.0002269975496456027,0.0002833639155142009
512.0,0.0002181991310790181,0.000300214858725667
513.0,0.0002279969402588904,0.00028587054111994803
514.0,0.00024065796053037046,0.0003023749159183353
515.0,0.0002234930497361347,0.00031119323102757335
516.0,0.0002182388032088056,0.0002942474966403097
517.0,0.0002288859602995217,0.0003022111486643553
518.0,0.00023310745763592422,0.00029344792710617185
519.0,0.0002324856020277366,0.00027931807562708855
520.0,0.00021180572279263287,0.00032729815575294197
521.0,0.00022623719507828356,0.00028862638282589614
522.0,0.00022564980934839694,0.0003338104288559407
523.0,0.00023112171178217978,0.00029251474188640714
524.0,0.0002195253577083349,0.00029224969330243766
525.0,0.00020904676092322916,0.00027816015062853694
526.0,0.0002148723155260086,0.00027614363352768123
527.0,0.00021849492052569984,0.00029274713597260416
528.0,0.00022632059513125568,0.00030212244018912315
529.0,0.00022586423077154905,0.0003130249970126897
530.0,0.00022063201072160154,0.00028180592926219106
531.0,0.00021887663542293013,0.0002955000672955066
532.0,0.00021783710224553942,0.00029193871887400746
533.0,0.00023864609515294433,0.00032098518568091094
534.0,0.00022894251148682088,0.00030581653118133545
535.0,0.00022483433212619274,0.0002798977366182953
536.0,0.00021049566543661057,0.0002664073253981769
537.0,0.0002071009858045727,0.00031630820012651384
538.0,0.00023141572379972787,0.0003149932890664786
539.0,0.00020820638409350066,0.0002764360688161105
540.0,0.0002136893755523488,0.00030631860136054456
541.0,0.00022732345561962575,0.0003516911529004574
542.0,0.0002319121992914006,0.00028456724248826504
543.0,0.00021015706832986324,0.0003073092957492918
544.0,0.00021876997430808842,0.00032856714096851647
545.0,0.0002204043047968298,0.0002917399106081575
546.0,0.0002088338474277407,0.00033935485407710075
547.0,0.00023286189371719956,0.0003105822252109647
548.0,0.00021869371947832406,0.00027247346588410437
549.0,0.00020412231690716,0.0002929900656454265
550.0,0.00020942456682678312,0.00026244702166877687
551.0,0.00020931502466555685,0.0002709780528675765
552.0,0.00020748004002962261,0.00026459552464075387
553.0,0.00020511461468413473,0.00026940761017613113
554.0,0.0002191837738500908,0.00028638687217608094
555.0,0.0002139234757050872,0.0003536102594807744
556.0,0.00022983617312274872,0.0002734624722506851
557.0,0.00021648838743567467,0.000276140432106331
558.0,0.00021412792173214256,0.00031335430685430765
559.0,0.00023177467542700468,0.00028247814043425024
560.0,0.0002053888124646619,0.0003025854239240289
561.0,0.0002148089336697012,0.0003003411984536797
562.0,0.00022043234994634987,0.000344169297022745
563.0,0.0002463582829805091,0.0003188581031281501
564.0,0.00020622541988268495,0.0002825450210366398
565.0,0.0002018860513344407,0.0002726561506278813
566.0,0.0002049329400761053,0.0002990291977766901
567.0,0.0002112114760093391,0.00026955624343827367
568.0,0.0002100268992362544,0.0002941889106296003
569.0,0.00021017157251480967,0.0002792690647765994
570.0,0.00021051091188564896,0.00029573848587460816
571.0,0.00021033289644401522,0.0002609205839689821
572.0,0.0001996031504822895,0.000261941080680117
573.0,0.00020709060435183347,0.00026444674585945904
574.0,0.00021141220489516856,0.00028437862056307495
575.0,0.00020537833985872567,0.0003012728411704302
576.0,0.00021117741253692658,0.0002896072983276099
577.0,0.00021928682213183493,0.0003204424283467233
578.0,0.00022701528226025402,0.0002723454963415861
579.0,0.00020895712554920464,0.00028652732726186514
580.0,0.00019527162285521628,0.00027110165683552623
581.0,0.00020401918794959783,0.0002629848604556173
582.0,0.00022400226956233383,0.0003943141782656312
583.0,0.000219068166683428,0.0002730294072534889
584.0,0.00019824696204159408,0.00027620623586699367
585.0,0.0002166676907800138,0.00031973898876458406
586.0,0.00021086420177016406,0.0002716913295444101
587.0,0.000206851516966708,0.00030547118512913585
588.0,0.000206889255088754,0.00027867325115948915
589.0,0.0001944006005069241,0.0002566644106991589
590.0,0.00019774645508732647,0.00028602214297279716
591.0,0.00021066375088412315,0.0002842824615072459
592.0,0.00021010829822625966,0.00029859007918275893
593.0,0.0001982887425692752,0.0003207495028618723
594.0,0.0002067591998493299,0.00030722422525286674
595.0,0.00020907267753500491,0.00033695297315716743
596.0,0.00021845231601037084,0.00029770060791634023
597.0,0.00020124930050224066,0.0003080091846641153
598.0,0.00020722947164904327,0.00026658715796656907
599.0,0.0002006509299390018,0.00026861150399781764
600.0,0.00020768022106494753,0.00027346512069925666
601.0,0.00020131834247149528,0.0002573265810497105
602.0,0.0001927433394594118,0.0002550970821175724
603.0,0.00019422806438524275,0.00029147567693144083
604.0,0.00020205568964593113,0.00026523845735937357
605.0,0.0002025038491701707,0.00031843839678913355
606.0,0.0002083579326281324,0.0002697058371268213
607.0,0.00019678014935925603,0.00027854618383571506
608.0,0.0001949614346958697,0.00025617689243517816
609.0,0.00019527656852733342,0.0002679807075764984
610.0,0.00019940466771367938,0.00027854242944158614
611.0,0.0002144413678906858,0.00028420230955816805
612.0,0.00020298345456831157,0.0002761065261438489
613.0,0.00019782888900954276,0.0002557976986281574
614.0,0.00018821968673728406,0.0002767608093563467
615.0,0.00021149641356896608,0.00031882667099125683
616.0,0.00020681273890659212,0.00027772682369686663
617.0,0.00020124151010531932,0.0002753559092525393
618.0,0.00021213054726831616,0.0002635139971971512
619.0,0.0002004558154148981,0.0002561995352152735
620.0,0.00019596116477623582,0.00029699993319809437
621.0,0.00021148465597070753,0.0002566603652667254
622.0,0.00021373932284768672,0.0003378123801667243
623.0,0.00021565871220082045,0.00026832890580408275
624.0,0.00019720933423377572,0.00026495123165659606
625.0,0.00018798111053183674,0.00029348870157264173
626.0,0.0002066344869090244,0.00028973541338928044
627.0,0.00019869841064792127,0.00028063057106919587
628.0,0.00018930775800254197,0.00024976805434562266
629.0,0.0001893172620330006,0.0002665594220161438
630.0,0.0001947110111359507,0.0002540957648307085
631.0,0.00019594551203772425,0.0002523043949622661
632.0,0.00019318144943099468,0.0003189352573826909
633.0,0.00021167236380279064,0.00026243668980896473
634.0,0.00019598332175519318,0.0002794356259983033
635.0,0.00020194911304861307,0.00029621136491186917
636.0,0.00020145676739048214,0.000279475498246029
637.0,0.0002115765077760443,0.0002739683259278536
638.0,0.00018678767688106744,0.0002802630187943578
639.0,0.00019469614617992193,0.0002712788700591773
640.0,0.00018884024186991154,0.0002968933549709618
641.0,0.0002027314230799675,0.0002891373878810555
642.0,0.0002046343017136678,0.00029240440926514566
643.0,0.00020584298903122543,0.0002700377954170108
644.0,0.00021264891396276654,0.000289432326098904
645.0,0.0002028427430195734,0.0002673403068911284
646.0,0.00019504486431833358,0.00026090285973623395
647.0,0.00019242465833667666,0.0002729058323893696
648.0,0.0001957365423440933,0.000282649154542014
649.0,0.00019114494184032082,0.0002713800349738449
650.0,0.00019187216146383435,0.0002639323065523058
651.0,0.00018455713067669423,0.0002810333971865475
652.0,0.00018480323522817343,0.00025833892868831754
653.0,0.00018956692598294468,0.0002501154085621238
654.0,0.00018968619918450713,0.0002481374249327928
655.0,0.00018189172248821706,0.0002621230960357934
656.0,0.00019205559021793307,0.00030584519845433533
657.0,0.00019486656982917338,0.000260917964624241
658.0,0.00019868877436965703,0.00026850870926864445
659.0,0.0001918855223339051,0.00031138642225414515
660.0,0.00019571875547990202,0.0002662894257809967
661.0,0.00020056712091900408,0.00032058978104032576
662.0,0.00019688575004693122,0.00025339893181808293
663.0,0.00019293403590563686,0.0002776728942990303
664.0,0.0001908388480078429,0.00025743647711351514
665.0,0.00019042675907257945,0.00024686282267794013
666.0,0.00019185573735740037,0.00030571778188459575
667.0,0.00020338675484526903,0.00027738907374441624
668.0,0.0001847824208671227,0.0003695771156344563
669.0,0.0002159856562502682,0.00031026656506583095
670.0,0.0001981032006442547,0.0002416322531644255
671.0,0.0001846418883651495,0.0003004247264470905
672.0,0.00020350952225271614,0.0002724560326896608
673.0,0.00018183213099837303,0.0002832748577930033
674.0,0.0002059614728204906,0.00030535366386175156
675.0,0.00019222556916065515,0.0002562579757068306
676.0,0.00018245823495090008,0.0002599191793706268
677.0,0.0001849477445939556,0.0002569635398685932
678.0,0.0001871075404342264,0.0002461270778439939
679.0,0.00018025576625950635,0.0002826343406923115
680.0,0.0001944771307753399,0.000296144891763106
681.0,0.0001903118301415816,0.00024392042541876435
682.0,0.0001829148909309879,0.00025295090745203197
683.0,0.00018235566769726573,0.0002518983674235642
684.0,0.00017934365128166973,0.00026067689759656787
685.0,0.0001890244991518557,0.00027460354613140225
686.0,0.00021609240444377066,0.0002727562969084829
687.0,0.00018640081072226168,0.00028342343284748495
688.0,0.0001994157967856154,0.00026219082064926624
689.0,0.00019326685462146996,0.00026769033866003156
690.0,0.00018875534273684024,0.0002705171355046332
691.0,0.00018444887269288303,0.0002943060244433582
692.0,0.0001980513766175136,0.00027263714582659304
693.0,0.0001881490101804957,0.0002476654190104455
694.0,0.00018058701069094242,0.000246919400524348
695.0,0.0001796611394966021,0.0002511919883545488
696.0,0.00017849024874158203,0.00024053054221440107
697.0,0.00018058458040468394,0.0002439853415125981
698.0,0.00018809068854898215,0.00024438340915367007
699.0,0.00019214684283360838,0.00025773688685148954
700.0,0.00019924965710379185,0.00027214051806367934
701.0,0.00018515619030222297,0.00025885392096824944
702.0,0.00017775995121337474,0.0002560603024903685
703.0,0.00019057054293807597,0.0002499214606359601
704.0,0.00019087269029114396,0.00025428307708352804
705.0,0.00017715667642187328,0.00024016128736548126
706.0,0.00018702751793898641,0.0002661032194737345
707.0,0.00018024084251374006,0.00027468983898870647
708.0,0.00017797007935587317,0.0002458900271449238
709.0,0.00018406269617844372,0.0002642160397954285
710.0,0.00018708007957320662,0.00026186765171587467
711.0,0.00020070788299199194,0.0002671308466233313
712.0,0.00018443908693734556,0.000276249076705426
713.0,0.00019113575154915453,0.0002480464172549546
714.0,0.00017046362033579498,0.00024065887555480003
715.0,0.0001775905293179676,0.0002840543747879565
716.0,0.0001862343456596136,0.00025709124747663736
717.0,0.00019054537708871065,0.0002545619790907949
718.0,0.00017457534396089614,0.00024311333254445344
719.0,0.00018452123005408794,0.00025144958635792136
720.0,0.00018408087023999542,0.00029194523813202977
721.0,0.00019378788000904023,0.0002454949135426432
722.0,0.00017403282597661018,0.0002309869887540117
723.0,0.00018982005259022115,0.00028225587448105216
724.0,0.00019395595509558917,0.00025534906308166683
725.0,0.00017745565809309483,0.0002511648926883936
726.0,0.00019136202114168556,0.00024077334091998637
727.0,0.0001858767040539533,0.00027774801128543913
728.0,0.0001878607723629102,0.0002470842737238854
729.0,0.00018645667366217822,0.00024968083016574383
730.0,0.0001744678688701242,0.0002835156337823719
731.0,0.00018530134949833155,0.0002594907709863037
732.0,0.00018167942727450283,0.00024779385421425104
733.0,0.00018190607381984592,0.0002655521675478667
734.0,0.0001807244949741289,0.00024404513533227146
735.0,0.0001771959972102195,0.0002319199702469632
736.0,0.00017660280806012452,0.0002538916014600545
737.0,0.00019419222383294254,0.00023198443523142487
738.0,0.00017699179763440044,0.00026327939121983945
739.0,0.00017479473620187491,0.00024103854957502335
740.0,0.00017705747624859213,0.00025743336300365627
741.0,0.00017910815647337585,0.000244253285927698
742.0,0.0001807432131608948,0.00024983243201859295
743.0,0.00018419396376702935,0.00025112167350016534
744.0,0.0001771924551576376,0.00026720145251601934
745.0,0.00019632926117628814,0.00025489533436484635
746.0,0.0001930794722866267,0.0002470255712978542
747.0,0.00016998431622050703,0.0002656752767506987
748.0,0.00017880892602261156,0.00025732131325639784
749.0,0.00017350865539629012,0.0002569950302131474
750.0,0.00016713091114070266,0.00024694864987395704
751.0,0.00017647995718289168,0.0002350769063923508
752.0,0.0001772765532368794,0.000263048626948148
753.0,0.00018223047954961656,0.000260512693785131
754.0,0.00017431571008637547,0.00023386483371723443
755.0,0.0001815439573256299,0.00025202843244187534
756.0,0.00019039480003993958,0.00025860866298899055
757.0,0.00017907314340118318,0.00029305528732948005
758.0,0.00019157925667241216,0.00025986169930547476
759.0,0.00019009737903252243,0.00025494652800261974
760.0,0.00018828562257112936,0.0002718646719586104
761.0,0.00017959806532599033,0.0002361754741286859
762.0,0.00016943769238423557,0.00022403814364224672
763.0,0.00017361018364317715,0.0002264600625494495
764.0,0.0001747597623616457,0.0002388769935350865
765.0,0.00017763490416109563,0.00025632345932535827
766.0,0.0001833602702245116,0.00024593755370005965
767.0,0.00018024327978491782,0.000237368542002514
768.0,0.00017402165464591236,0.0002473484491929412
769.0,0.00017393247154541314,0.00023955902724992484
770.0,0.0001847206166712567,0.00025329264462925494
771.0,0.00018624292383901775,0.00024970725644379854
772.0,0.00017943625268526377,0.00026517658261582255
773.0,0.00017843965312931687,0.00025700475089251995
774.0,0.00017897915211506187,0.0002971205103676766
775.0,0.00018161782762035728,0.0002512102364562452
776.0,0.00016868024179711937,0.00022807873028796166
777.0,0.0001708173048682511,0.00024282169761136174
778.0,0.00016874719597399234,0.00028512353310361505
779.0,0.00018326793191954493,0.0002498328103683889
780.0,0.00017693384387530386,0.0002602455788291991
781.0,0.00017524000070989133,0.00030121588497422636
782.0,0.00019211870396975428,0.0002528464247006923
783.0,0.0001769946033600718,0.0002423751138849184
784.0,0.00017153544118627906,0.0002673044509720057
785.0,0.00018438585242256522,0.00030863433494232595
786.0,0.00018540762946940958,0.00022569563589058816
787.0,0.000168848518980667,0.00025096823810599744
788.0,0.000178766559693031,0.00024327929713763297
789.0,0.00018226947530638427,0.00024558580480515957
790.0,0.00017081825493369253,0.00023592995421495289
791.0,0.00016309817042201757,0.0002244141505798325
792.0,0.00017078117409255355,0.0002537197433412075
793.0,0.00017506197735201568,0.00026681413874030113
794.0,0.00017277121578808874,0.0002290736447321251
795.0,0.00016883272945415227,0.00025302887661382556
796.0,0.00017881007515825332,0.00022246575099416077
797.0,0.00016834392410237342,0.00024380232207477093
798.0,0.00017424972378648817,0.00023144712031353265
799.0,0.0001700145797803998,0.00025019384338520467
800.0,0.00016854254086501896,0.00022806269407738
801.0,0.0001703323347028345,0.00024212533026002347
802.0,0.0001700795809738338,0.000259567575994879
803.0,0.00018566728313453495,0.0002400471130385995
804.0,0.00016492578561883419,0.00023448995489161462
805.0,0.00016900249617174268,0.00025696089142002165
806.0,0.00016575041494797915,0.00022787536727264524
807.0,0.00017593199969269337,0.00026310665998607874
808.0,0.00020258161087986082,0.0002606390044093132
809.0,0.00017008001380600034,0.00025136585463769734
810.0,0.00017236462875735016,0.0002454805944580585
811.0,0.00017305660981219262,0.00025141745572909713
812.0,0.00017901314131449909,0.0002317653998034075
813.0,0.00016387455491349102,0.00024648348335176706
814.0,0.00017074929969385268,0.0002534386876504868
815.0,0.00016391427820781245,0.0002340280479984358
816.0,0.00016674365266226233,0.0002584793255664408
817.0,0.00016517517110332846,0.0002399166114628315
818.0,0.0001646486696554348,0.00024380828836001456
819.0,0.00017024265532381832,0.00028420102898962796
820.0,0.00018504399759694933,0.0002317328762728721
821.0,0.00018372572353109718,0.00021945170010440052
822.0,0.00017359980603214354,0.00022512201394420117
823.0,0.00016789227852132173,0.00022588888532482088
824.0,0.00016565739025827499,0.00023517092631664127
825.0,0.00016047543042805044,0.00022757978877052665
826.0,0.00016059777839109302,0.0002274384314659983
827.0,0.00015894416242372245,0.00022975252068135887
828.0,0.00017017163732089102,0.00024384343123529106
829.0,0.00015958494355436414,0.00024741902598179877
830.0,0.0001760721189202741,0.0003239124489482492
831.0,0.00018459987419191748,0.0002260921464767307
832.0,0.00017668032099027187,0.0002287465031258762
833.0,0.00018964546045754105,0.0003063902258872986
834.0,0.0001843244223855436,0.00027452243375591934
835.0,0.00016602926526684315,0.00024161570763681084
836.0,0.00016433503397274762,0.0002555327373556793
837.0,0.00016700475371908397,0.00026067663566209376
838.0,0.00018001028394792228,0.0002517825341783464
839.0,0.00017875454062595963,0.00023519682872574776
840.0,0.00016899249539710582,0.00022568186977878213
841.0,0.00017893097724299879,0.00023896124912425876
842.0,0.00016591278288979083,0.00023530855833087116
843.0,0.0001570029607973993,0.00021969646331854165
844.0,0.00016093235393054784,0.00030376052018254995
845.0,0.00018864924856461585,0.00027911405777558684
846.0,0.00017355679196771233,0.00024189823307096958
847.0,0.00016313678422011436,0.00023046642309054732
848.0,0.00016784204065334053,0.00024316080089192837
849.0,0.0001676617619814351,0.00024041745928116143
850.0,0.0001718945992179215,0.0002281172201037407
851.0,0.00016014090145472437,0.00023211522784549743
852.0,0.00016251445608213543,0.00023766492085997015
853.0,0.00017615585774183274,0.00023005333787295967
854.0,0.00017837273504119368,0.0002475544170010835
855.0,0.00016075292439199983,0.0002262859052279964
856.0,0.00015477826469577848,0.00022079759219195694
857.0,0.0001543396469205618,0.00023995639639906585
858.0,0.00016208057396579535,0.0002134053356712684
859.0,0.0001652510220883414,0.00021684798412024975
860.0,0.0001546841785311699,0.00023446345585398376
861.0,0.00017475328815635293,0.0002479504910297692
862.0,0.00016106143302749843,0.00023699771554674953
863.0,0.0001657617782475427,0.00024046347243711352
864.0,0.00015902036090847106,0.00024954701075330377
865.0,0.00016743076452985407,0.00022965628886595368
866.0,0.00016509614745154977,0.00021225378441158682
867.0,0.00015960888541303574,0.00023249053629115224
868.0,0.0001584801453864202,0.0002159448922611773
869.0,0.00016133546456694603,0.0002563457819633186
870.0,0.00017342595057561993,0.00025322730652987957
871.0,0.00018603623518720269,0.00024972643586806953
872.0,0.0001619996897643432,0.00024687862605787814
873.0,0.0001615343710873276,0.00022787864145357162
874.0,0.0001632223647320643,0.00022768476628698409
875.0,0.00015869595995172858,0.0002611967793200165
876.0,0.00017062993173021823,0.0002384952240390703
877.0,0.00016508378414437175,0.00022220904065761715
878.0,0.00015911693451926113,0.00023457511269953102
879.0,0.00015948441985528917,0.00022318633273243904
880.0,0.00015635421115439384,0.00023031052842270583
881.0,0.00016653826273977756,0.00023909343872219324
882.0,0.00016000664024613798,0.00023016757040750235
883.0,0.00016193394735455514,0.00021444642334245145
884.0,0.0001551833434496075,0.0002301562635693699
885.0,0.00015354923508130013,0.00022083624207880348
886.0,0.00016095237771514804,0.00023456497001461685
887.0,0.000169709638110362,0.00021861471759621054
888.0,0.00017334014631342144,0.0002554304664954543
889.0,0.00015619880764279514,0.00022871828696224838
890.0,0.00016897764685563742,0.00023952625633683056
891.0,0.00015127645409666,0.00020693682017736137
892.0,0.0001536821888294071,0.00023408891865983605
893.0,0.00015971872734371574,0.0002708054962567985
894.0,0.00018064574734307827,0.00025638510123826563
895.0,0.0001752356083597988,0.00022213382180780172
896.0,0.0001572664697887376,0.00026630767388269305
897.0,0.00016081577481236308,0.0002401641249889508
898.0,0.00015688850020524115,0.0002471966727171093
899.0,0.00016843279090244322,0.0002197693393100053
900.0,0.000153630904504098,0.0002465026336722076
901.0,0.00016393468726892023,0.0002357109624426812
902.0,0.00016088501329068094,0.0002278804749948904
903.0,0.00016313632612582297,0.00021350795577745885
904.0,0.0001590104561764747,0.0002138907293556258
905.0,0.00015615200251340865,0.0002317038015462458
906.0,0.00016090016334783285,0.00022131310834083706
907.0,0.0001584788957843557,0.0002253036800539121
908.0,0.00016225597925949843,0.0002460123796481639
909.0,0.0001663019945845008,0.0002606170601211488
910.0,0.00016113150084856898,0.00023202963348012418
911.0,0.00015311717882286757,0.00022312904184218496
912.0,0.000158488528104499,0.00021770724561065435
913.0,0.00014934429514687508,0.00022327969782054424
914.0,0.00015180221665650606,0.00021877963445149362
915.0,0.00015143794729374348,0.000259195949183777
916.0,0.0001784624148858711,0.00022619649826083332
917.0,0.0001544730148743838,0.00022888505191076547
918.0,0.00015844274661503733,0.00023812854487914592
919.0,0.0001532167112454772,0.00022277281095739454
920.0,0.0001578331650234759,0.00023280171444639564
921.0,0.00015700760483741761,0.00025450362591072917
922.0,0.00016687363397795707,0.0002500934060662985
923.0,0.0001700271115405485,0.0002229488018201664
924.0,0.00015878985135350375,0.0002188614453189075
925.0,0.00016211987542919814,0.00021039284183643758
926.0,0.00014754400099627673,0.00021127630316186696
927.0,0.00015651501610409468,0.00022149314463604242
928.0,0.0001495200996287167,0.0002022720145760104
929.0,0.000160788428154774,0.00021663530787918717
930.0,0.00017291687009856105,0.000265858048805967
931.0,0.00017314255679957567,0.00028691720217466354
932.0,0.00016977222356945277,0.00022613248438574374
933.0,0.000158514013979584,0.00022610205633100122
934.0,0.0001485240530455485,0.0002226548094768077
935.0,0.00015164403582457452,0.0002309217961737886
936.0,0.00015714625304099171,0.00021942002058494836
937.0,0.00017057711747474967,0.00023430936562363058
938.0,0.000154644145979546,0.00022264568542595953
939.0,0.00015538201457820832,0.0002472291816957295
940.0,0.00016390170832164585,0.00021909739007242024
941.0,0.00016064952523447574,0.00024628275423310697
942.0,0.00016997187951346858,0.00022549858840648085
943.0,0.00015632975415792315,0.00023590752971358597
944.0,0.0001510710270376876,0.00021626939997076988
945.0,0.00014985018025618046,0.0002462835400365293
946.0,0.000154217024683021,0.0002211757528129965
947.0,0.00015821903618052602,0.0002439364034216851
948.0,0.00018530280597042292,0.0002413845795672387
949.0,0.00015743950428441167,0.00023462960962206125
950.0,0.00014723061374388635,0.00021689147979486734
951.0,0.00014787895558401943,0.00021383936109486967
952.0,0.00015343711187597363,0.000266203103819862
953.0,0.00016503320005722345,0.0002549303462728858
954.0,0.00016965760593302547,0.00022689510660711676
955.0,0.00015099604555871338,0.00024736736668273807
956.0,0.00016239300672896208,0.00025233841734007
957.0,0.00015749913593754173,0.0002118035772582516
958.0,0.00014862592646386474,0.00020894923363812268
959.0,0.00015162943268660456,0.0002041331899818033
960.0,0.00014627765049226582,0.00023126132145989686
961.0,0.00015084667457267642,0.00024360851966775954
962.0,0.00015695752389729024,0.00021936857956461608
963.0,0.00015522237808909267,0.00020537665113806725
964.0,0.00014497649646364152,0.00022006883227732033
965.0,0.00014755442657042294,0.00023179668642114848
966.0,0.00015947185386903584,0.0002287691895617172
967.0,0.0001669889531331137,0.0002666505170054734
968.0,0.00015971780160907656,0.00021856655075680465
969.0,0.0001513298787176609,0.00023662953753955662
970.0,0.00014688861661124974,0.00020283582853153348
971.0,0.00014295055659022183,0.00022204841661732644
972.0,0.00015305892552714795,0.00023318137391470373
973.0,0.00015661165735218673,0.00023811322171241045
974.0,0.00015827875700779258,0.0002421068784315139
975.0,0.000158168519847095,0.00023434244212694466
976.0,0.0001437010100344196,0.0002459934330545366
977.0,0.000154791928245686,0.00023979322577361017
978.0,0.00015772105089854448,0.00022948555124457926
979.0,0.00015444302977994084,0.00021943176398053765
980.0,0.00015466321597341448,0.0002227018412668258
981.0,0.00016096055833622814,0.0002687777450773865
982.0,0.00016782666265498846,0.0002531805366743356
983.0,0.00020206073427107184,0.000225939424126409
984.0,0.00016000589111354202,0.0002488939790055156
985.0,0.00016787151177413763,0.00022897697635926306
986.0,0.00015082942449953408,0.0002066668530460447
987.0,0.00014869873342104257,0.00020597281400114298
988.0,0.00014934895327314734,0.00020596387912519276
989.0,0.00014830950368195772,0.0002343326195841655
990.0,0.00015214021340943874,0.00022564550454262644
991.0,0.00015201620932202785,0.00024720083456486464
992.0,0.00015129537228494882,0.00020969002798665315
993.0,0.00014608707372099162,0.0002457250084262341
994.0,0.00015260413440410048,0.0002097776159644127
995.0,0.00015919055894482882,0.00024853460490703583
996.0,0.0001552256812574342,0.00022843749320600182
997.0,0.0001564759525936097,0.0002217349538113922
998.0,0.00014010974671691657,0.00020624003082048148
999.0,0.00014490937220398338,0.00023005767434369773
1000.0,0.00014813741855323315,0.00021560008462984115
1001.0,0.00015057313861325383,0.0002042450796579942
1002.0,0.00014346081635449083,0.0002232032857136801
1003.0,0.00014466887444723397,0.00020700979803223163
1004.0,0.00014080833084881305,0.00022492716379929334
1005.0,0.00016119139129295944,0.000220410933252424
1006.0,0.00015189756988547742,0.00021786427532788366
1007.0,0.00015375857218168676,0.00020151841454207897
1008.0,0.00014048491755966097,0.00023827464610803872
1009.0,0.00015334230219013988,0.00021893750817980617
1010.0,0.00014243876398541033,0.0002157678100047633
1011.0,0.00016796492517460136,0.00024034745001699775
1012.0,0.00015918839455116542,0.00025858994922600687
1013.0,0.00015719713561702518,0.00022334131062962115
1014.0,0.00014705494057852775,0.00020747569215018302
1015.0,0.0001490554661722854,0.0002156843984266743
1016.0,0.00014334953378420323,0.00025550826103426516
1017.0,0.00014975998795125633,0.00020431916345842183
1018.0,0.00014978587382938712,0.0002128813648596406
1019.0,0.00015082849480677396,0.00021350468159653246
1020.0,0.00014242923632264138,0.00020946262520737946
1021.0,0.00014317141904029995,0.00021376459335442632
1022.0,0.00015029228513594717,0.00021343791740946472
1023.0,0.00014823800732847303,0.00021465819736476988
1024.0,0.0001482993591343984,0.0002135278919013217
1025.0,0.00014454516023397446,0.00021103597828187048
1026.0,0.0001661861033644527,0.00024279220087919384
1027.0,0.0001567697706632316,0.00021744781406596303
1028.0,0.00015115927520673722,0.00020226123160682619
1029.0,0.0001396860342938453,0.00021599532919935882
1030.0,0.00014958657964598388,0.00024014836526475847
1031.0,0.00015169201151002198,0.00022081991482991725
1032.0,0.0001513776199426502,0.00023158552357926965
1033.0,0.0001530149079626426,0.0002203824114985764
1034.0,0.00015749460889492184,0.0002313571603735909
1035.0,0.00014328932814532892,0.00020997098181396723
1036.0,0.00014197556173894556,0.00021125534840393811
1037.0,0.0001431976796593517,0.00021944638865534216
1038.0,0.00014797137212008238,0.0002126578619936481
1039.0,0.0001491782295051962,0.00022962034563533962
1040.0,0.00015133406862150877,0.00020784484513569623
1041.0,0.0001470395969809033,0.0002221150789409876
1042.0,0.0001477284220745787,0.00021608399401884526
1043.0,0.00013664323941338808,0.00023432790476363152
1044.0,0.00014646468323189767,0.00020701119501609355
1045.0,0.00014612499997019768,0.0002174015244236216
1046.0,0.000147731744335033,0.00020511985349003226
1047.0,0.00014332179934717715,0.00019667009473778307
1048.0,0.00014524024585261942,0.00022385716147255152
1049.0,0.00015065999433863908,0.00023745573707856238
1050.0,0.00015441301336977632,0.00022933052969165146
1051.0,0.00014693496085237711,0.00020966559532098472
1052.0,0.0001536490193102509,0.00022515207820106298
1053.0,0.00014680671249516308,0.0002446775324642658
1054.0,0.00015872539300471544,0.0002259713801322505
1055.0,0.00014709476300049572,0.0002492625208105892
1056.0,0.00016352526505943388,0.00020517305529210716
1057.0,0.00014139908447396011,0.0002114979870384559
1058.0,0.00015500479482579978,0.00021251059661153704
1059.0,0.00013825053593609482,0.00020353974832687527
1060.0,0.0001541612365981564,0.0002251476253150031
1061.0,0.00015463576430920512,0.00020544622384477407
1062.0,0.00013926120311953127,0.0002074079675367102
1063.0,0.00014177813683636487,0.00022430522949434817
1064.0,0.00013652782514691353,0.00021000778360757977
1065.0,0.00013888055819552393,0.00022038636961951852
1066.0,0.00014686879864893854,0.00020489757298491895
1067.0,0.00014121753629297017,0.00020918730297125876
1068.0,0.00014156079001259058,0.00022668112069368362
1069.0,0.00014252058521378784,0.00022053839347790927
1070.0,0.00014177468931302428,0.00021856973762623966
1071.0,0.00014698859176132828,0.00023571084602735937
1072.0,0.00015201579860877246,0.0002334600139874965
1073.0,0.00014555736060719936,0.00022652381449006498
1074.0,0.00014185792149510235,0.00022506904497276992
1075.0,0.00014842540654353797,0.00022523866209667176
1076.0,0.00014203825616277755,0.00021266218391247094
1077.0,0.00014142271713353692,0.00020830216817557812
1078.0,0.00014758883358445017,0.00021689027198590338
1079.0,0.00015161157422699035,0.00020692843827418983
1080.0,0.00014048487145919354,0.00020235461124684662
1081.0,0.000143776944023557,0.000236927779042162
1082.0,0.00014798721589613705,0.0002186338388128206
1083.0,0.00014543720055371523,0.00021298040519468486
1084.0,0.00014128536876523867,0.0002418436633888632
1085.0,0.00016030847118236123,0.00021422654390335083
1086.0,0.00014189299696590752,0.00021242635557428002
1087.0,0.00014358615269884466,0.00020986040181014687
1088.0,0.00014808988326694817,0.00020848096755798906
1089.0,0.0001434967692475766,0.00021880098211113364
1090.0,0.00014459919673390686,0.00021195733279455453
1091.0,0.00013762200169730932,0.00021785355056636035
1092.0,0.00014867227606009693,0.00021241944341454655
1093.0,0.00014058643055614084,0.00027849740581586957
1094.0,0.00016462115966714918,0.00021001945424359292
1095.0,0.00014552227407693864,0.00019739873823709786
1096.0,0.0001443686232669279,0.00022769783390685916
1097.0,0.00014830385462846608,0.00020721454347949475
1098.0,0.00013583325478248298,0.00020772608695551753
1099.0,0.00013998613826697693,0.0002079698460875079
1100.0,0.00013518564193509518,0.00020248256623744965
1101.0,0.0001460439886432141,0.0002498518442735076
1102.0,0.0001398810853715986,0.00020454410696402192
1103.0,0.00013600729405879974,0.00020472331380005926
1104.0,0.0001390245039947331,0.0002102088910760358
1105.0,0.0001376827706117183,0.00021865975577384233
1106.0,0.00014202965144068002,0.00023151127970777452
1107.0,0.00014101090811891482,0.00021700070647057146
1108.0,0.0001409989056410268,0.00020790114649571478
1109.0,0.00013796504831407218,0.00020469028095249087
1110.0,0.00014520285930484533,0.0002014308556681499
1111.0,0.00015051589417271316,0.000193246771232225
1112.0,0.0001358638560632244,0.00020637856505345553
1113.0,0.0001450946523109451,0.00019826748757623136
1114.0,0.00013712103024590762,0.0002186804049415514
1115.0,0.00013999843841884285,0.00019716797396540642
1116.0,0.00013221788179362194,0.00020424154354259372
1117.0,0.0001383364562643692,0.00020868179854005575
1118.0,0.00014470041077584028,0.00021127640502527356
1119.0,0.00014542030985467135,0.0002294668520335108
1120.0,0.00014290375274140387,0.00021552020916715264
1121.0,0.00013813257770380007,0.0002093698421958834
1122.0,0.0001362386195687577,0.00021881131397094578
1123.0,0.00014169269672129303,0.00021526427008211613
1124.0,0.0001401936447364278,0.00021933024981990457
1125.0,0.00013887415011413394,0.00023446469276677817
1126.0,0.00015699779288843275,0.0002099661505781114
1127.0,0.00014518982206936925,0.00019990067812614143
1128.0,0.00013928625313565135,0.00020245974883437157
1129.0,0.00013937475613784046,0.00020511640468612313
1130.0,0.00013955621200148016,0.00020491342002060264
1131.0,0.00013555527350399643,0.0002271775738336146
1132.0,0.00014131257077679038,0.00020914757624268532
1133.0,0.0001333071873523295,0.000197328845388256
1134.0,0.0001404175538336858,0.00022423223708756268
1135.0,0.00014406832261011006,0.0002051501360256225
1136.0,0.00015074027341324835,0.00022369928774423897
1137.0,0.0001439926418242976,0.00024174174177460372
1138.0,0.00013858571054879576,0.00020389199198689312
1139.0,0.00013966570398770274,0.00020014704205095768
1140.0,0.00013503650412894784,0.00021277848281897604
1141.0,0.00014504287182353436,0.00019348632486071438
1142.0,0.00014319142373278736,0.0002115989482263103
1143.0,0.00013346812687814235,0.00020719449094031006
1144.0,0.0001509178593987599,0.00022764340974390507
1145.0,0.00014233602688182146,0.00020597460388671607
1146.0,0.0001377015229081735,0.00020832080917898566
1147.0,0.00014608875336125492,0.00022420594177674502
1148.0,0.0001584937204606831,0.00023209485516417772
1149.0,0.0001483149418490939,0.00020874623442068696
1150.0,0.00014159076556097717,0.0002179219591198489
1151.0,0.0001457963683642447,0.00019911504932679236
1152.0,0.00013351305609103292,0.00021110386296641082
1153.0,0.00013413739739917218,0.00019978469936177135
1154.0,0.00012728099868400023,0.00022729604097548872
1155.0,0.00013503865501843392,0.0002042181440629065
1156.0,0.0001355727594345808,0.0001988772419281304
1157.0,0.000134781036991626,0.00020069304446224123
1158.0,0.0001282430224819109,0.00019391736714169383
1159.0,0.00013070462585892527,0.00025728740729391575
1160.0,0.00015030237252358349,0.00019965856336057186
1161.0,0.0001376385127659887,0.000205334261409007
1162.0,0.00013386041158810257,0.000199872549274005
1163.0,0.00013555848749820143,0.00019828286895062774
1164.0,0.00013331028015818448,0.0002102898433804512
1165.0,0.00013628675462678074,0.00021661928622052073
1166.0,0.00015019559720531105,0.00020268652588129044
1167.0,0.0001348589906701818,0.00020128463802393526
1168.0,0.00014552683336660266,0.00020948328892700374
1169.0,0.00014071393822086975,0.00023603436420671642
1170.0,0.00017982057482004166,0.0002612383686937392
1171.0,0.0001429185997694731,0.00023119863180909306
1172.0,0.00013745348725933583,0.0001997979125007987
1173.0,0.0001311259705107659,0.0002099799894494936
1174.0,0.0001364988959976472,0.00019242950656916946
1175.0,0.00013811551703838632,0.0002042308624368161
1176.0,0.00012973598507232963,0.00019153101311530918
1177.0,0.0001296901524765417,0.0002116977411787957
1178.0,0.00013976828323211522,0.0002067600144073367
1179.0,0.0001433637854643166,0.00019365893967915326
1180.0,0.00012850177753716708,0.00020533837960101664
1181.0,0.00014076166169252246,0.0002251745609100908
1182.0,0.00013794191589113324,0.0002077563403872773
1183.0,0.0001360407037427649,0.000208190074772574
1184.0,0.00013900392322102563,0.00021441529679577798
1185.0,0.00013281983102206142,0.00022894986614119262
1186.0,0.00015320854738820345,0.0002171461092075333
1187.0,0.00014037115301471204,0.00021376580116339028
1188.0,0.00013957907713484018,0.0002418441727058962
1189.0,0.00013771032524527983,0.00022339574934449047
1190.0,0.00013202510960400106,0.00019882679043803364
1191.0,0.00013292994227958842,0.00018807663582265377
1192.0,0.00013089157314971088,0.00019871578842867166
1193.0,0.00014125061081722378,0.00020549373584799469
1194.0,0.00014433762803673744,0.00020378550107125193
1195.0,0.00014348376722773536,0.00021976293646730483
1196.0,0.00013808305002748966,0.00024396090884692967
1197.0,0.00013942928414326162,0.0002019851526711136
1198.0,0.00013091552699916065,0.0002270828845212236
1199.0,0.0001346965483389795,0.0002023347478825599
1200.0,0.00013424354116432368,0.00018930506485048681
1201.0,0.0001254378471057862,0.00021039471903350204
1202.0,0.00014144768321420998,0.00024608810781501234
1203.0,0.0001465546308318153,0.0002034073113463819
1204.0,0.00012664790032431483,0.00021256653417367488
1205.0,0.00014064074447378517,0.00019340618746355176
1206.0,0.00013814171287231147,0.00020283852063585073
1207.0,0.0001409862405853346,0.00019395383424125612
1208.0,0.00013447657169308514,0.0002038277016254142
1209.0,0.00012889882095623763,0.00020319466420914978
1210.0,0.00012552328465972095,0.0001917852641781792
1211.0,0.00013060974358813837,0.00020377582404762506
1212.0,0.00013278978096786887,0.00020605206373147666
1213.0,0.00013396132341586054,0.00021496132831089199
1214.0,0.0001346347252256237,0.00019824256014544517
1215.0,0.00013479683769401164,0.00022429287491831928
1216.0,0.00013979485246818512,0.00020593080262187868
1217.0,0.00013097965763881803,0.00020094445790164173
1218.0,0.00014073603722499682,0.00021228808327578008
1219.0,0.0001340322238393128,0.00020379973284434527
1220.0,0.00013090700085740536,0.0002059812832158059
1221.0,0.00013226964889327065,0.0002043645508820191
1222.0,0.0001284572425065562,0.00021452890359796584
1223.0,0.00013080816238652914,0.0002050207694992423
1224.0,0.00015506203763652592,0.00019813344988506287
1225.0,0.0001326515261316672,0.0002033750934060663
1226.0,0.0001381720850476995,0.00021251366706565022
1227.0,0.00012832816562149675,0.0001982972607947886
1228.0,0.00013296466576866804,0.00019897305173799396
1229.0,0.00013699916144832967,0.00024145637871697545
1230.0,0.0001396225552307442,0.0002099467092193663
1231.0,0.00013017325720284133,0.00020640736329369247
1232.0,0.00013209879887290298,0.0001902978401631117
1233.0,0.00012641704571433366,0.00018902888405136764
1234.0,0.0001274290314177051,0.00019477971363812685
1235.0,0.0001316297436133027,0.0001949365105247125
1236.0,0.00013716738752555103,0.00031391039374284446
1237.0,0.00015184395178221167,0.00021635448501911014
1238.0,0.0001342170296702534,0.0002065526641672477
1239.0,0.00012652169953798875,0.00019104215607512742
1240.0,0.00012941365508595482,0.00020856775518041104
1241.0,0.00013751671696081758,0.00021898222621530294
1242.0,0.00013608654617564754,0.00020740686159115285
1243.0,0.00012830063630826772,0.00020242907339707017
1244.0,0.00013883580570109188,0.00020381866488605738
1245.0,0.00013631131185684353,0.0002029240713454783
1246.0,0.00012957921030465515,0.0002014997007790953
1247.0,0.00012529447162523867,0.0002092863869620487
1248.0,0.00012682061560917646,0.0001965245755854994
1249.0,0.00013828258391004056,0.00018841198470909148
1250.0,0.00012716367049142718,0.00020048246369697154
1251.0,0.00012458534131292253,0.00020596264221239835
1252.0,0.00013975784776266664,0.00022026931401342154
1253.0,0.00013183086435310544,0.00019940287165809423
1254.0,0.0001357683451496996,0.0002200224989792332
1255.0,0.00013361578760668635,0.00019840845197904855
1256.0,0.00012943580915452912,0.0002844766422640532
1257.0,0.0001363645140081644,0.00019555551989469677
1258.0,0.0001241237126523629,0.0002175774279749021
1259.0,0.00013810629898216575,0.00020348357793409377
1260.0,0.00012977987853810192,0.00019515828171279281
1261.0,0.00013394077343400568,0.00019746701582334936
1262.0,0.00013616848387755455,0.00018830042972695082
1263.0,0.0001301145504694432,0.00018940532754641026
1264.0,0.00012062238517682999,0.00018309896404389292
1265.0,0.00013080430775880815,0.00022742092551197857
1266.0,0.00013099235517438502,0.0001953652099473402
1267.0,0.0001269072062568739,0.0002252445265185088
1268.0,0.00013913333893287926,0.00021043479500804096
1269.0,0.00013170951878419145,0.00020286742073949426
1270.0,0.00014335423498414458,0.00019257017993368208
1271.0,0.00013211786496685818,0.00020074588246643543
1272.0,0.00012947604747023435,0.0002073875511996448
1273.0,0.00013219289132393897,0.0002015436184592545
1274.0,0.00012784821173409,0.00020423618843778968
1275.0,0.00012718396610580384,0.0001911063154693693
1276.0,0.00011999806435778737,0.00019728418556042016
1277.0,0.0001277903345762752,0.00021288795687723905
1278.0,0.00014326260914094747,0.0002032444899668917
1279.0,0.0001304399120854214,0.00019068988331127912
1280.0,0.0001283437767997384,0.00020645928452722728
1281.0,0.00012904794292990118,0.00023001177760306746
1282.0,0.00013742105802521108,0.0001971736055565998
1283.0,0.00013034757890272884,0.00018518308934289962
1284.0,0.00012515968643128872,0.00019544012320693582
1285.0,0.00012978098983876406,0.00020070884784217924
1286.0,0.00013747624563984574,0.00020913724438287318
1287.0,0.00014394096552859992,0.00020158392726443708
1288.0,0.00013676066207699478,0.00023556988162454218
1289.0,0.0001376192842144519,0.0002001395623665303
1290.0,0.0001268938488792628,0.00020419964857865125
1291.0,0.00012529925163835286,0.000224942690692842
1292.0,0.0001271162677439861,0.00019789028738159686
1293.0,0.00013140138512244447,0.00019968744891230017
1294.0,0.00012403202004497872,0.0002092255890602246
1295.0,0.0001258582219015807,0.0002665255742613226
1296.0,0.00013316673639928922,0.00020774219592567533
1297.0,0.0001341283345827833,0.00020951349870301783
1298.0,0.0001324211835162714,0.00022516858007293195
1299.0,0.0001344433625927195,0.0002697802265174687
1300.0,0.0001545973645406775,0.0002208232181146741
1301.0,0.00013752195122651757,0.00021240109344944358
1302.0,0.00012512481142766774,0.00019258802058175206
1303.0,0.0001207954817218706,0.00019540039647836238
1304.0,0.00012598235107725487,0.00020626914920285344
1305.0,0.0001328124408610165,0.0001912673469632864
1306.0,0.00012272026168648153,0.00019806601630989462
1307.0,0.00012252992414869368,0.00019828318909276277
1308.0,0.0001263375668786466,0.00023125109146349132
1309.0,0.00012781202292535453,0.00020606625184882432
1310.0,0.00012735212995903568,0.00021532890968956053
1311.0,0.00012867459596600382,0.0002100082056131214
1312.0,0.0001332576348213479,0.00020975728693883866
1313.0,0.0001322504405397922,0.0002227727381978184
1314.0,0.00013427898031659425,0.00019702066492754966
1315.0,0.000121812041150406,0.0002023889246629551
1316.0,0.00012996952584944666,0.00022962504590395838
1317.0,0.00013387794373556972,0.00019869921379722655
1318.0,0.00013257014681585132,0.00018063586321659386
1319.0,0.00012772968714125455,0.00018419580010231584
1320.0,0.00011840515560470522,0.00019830810197163373
1321.0,0.00012616886163596065,0.00020849423890467733
1322.0,0.0001304041813709773,0.00022685762087348849
1323.0,0.00014698841696372255,0.00022174471814651042
1324.0,0.00013059041649103164,0.00020562481950037181
1325.0,0.00012735389778390527,0.00018553351401351392
1326.0,0.0001304470244795084,0.00019484818039927632
1327.0,0.00012026620405958965,0.00017792361904866993
1328.0,0.00012430543021764605,0.00019709684420377016
1329.0,0.00013184816006105393,0.00022771295334678143
1330.0,0.0001282893855823204,0.00020798426703549922
1331.0,0.0001302678263746202,0.0002151418593712151
1332.0,0.00012867531651863828,0.00020003295503556728
1333.0,0.00012272906897123904,0.0002062594285234809
1334.0,0.00013274987309705466,0.0002190069353673607
1335.0,0.00012349567370256408,0.00019914403674192727
1336.0,0.00013108055142220108,0.0002018664963543415
1337.0,0.00012364751321729272,0.00020181428408250213
1338.0,0.00012789206410525366,0.0001927499397424981
1339.0,0.00012158662546426058,0.00018325586279388517
1340.0,0.00012867359863594175,0.00021079940779600292
1341.0,0.00013174493558472023,0.00019823723414447159
1342.0,0.00012335770187200978,0.00019418589363340288
1343.0,0.00012704444106202573,0.00018231573631055653
1344.0,0.00012357612745836377,0.00018688436830416322
1345.0,0.00011665271851234137,0.00021432344510685652
1346.0,0.00012529865535907447,0.0002271673147333786
1347.0,0.00013039584993384778,0.00019231234909966588
1348.0,0.00012399931997060775,0.00019353731477167457
1349.0,0.00013444557297043503,0.0002080662379739806
1350.0,0.0001322027575224638,0.00019397161668166518
1351.0,0.00012272849323926492,0.00023790233535692096
1352.0,0.00013659957121126354,0.00023218922433443367
1353.0,0.00012714640813646838,0.00020039553055539727
1354.0,0.00012673497421201318,0.00021479908900801092
1355.0,0.0001306151069002226,0.00022564720711670816
1356.0,0.00013839580793865026,0.00022569460270460695
1357.0,0.0001268118032021448,0.00018937372078653425
1358.0,0.00012198599905241281,0.00021157630544621497
1359.0,0.00012367433146573604,0.00019064439402427524
1360.0,0.0001261658560251817,0.00022485048975795507
1361.0,0.0001267462302930653,0.00019553517631720752
1362.0,0.0001343823408242315,0.00020025768026243895
1363.0,0.00012372571346350015,0.00021908040798734874
1364.0,0.00013051915320102126,0.0002165334444725886
1365.0,0.000131896146456711,0.00019619413069449365
1366.0,0.0001291379213798791,0.00026286212960258126
1367.0,0.00013908439804799855,0.0002046771696768701
1368.0,0.00012466492899693547,0.00019578270439524204
1369.0,0.00012081778910942375,0.00019175992929376662
1370.0,0.00011869636678602546,0.00018487503984943032
1371.0,0.00012078261561691761,0.0002149194187950343
1372.0,0.000119311518734321,0.00018068247300107032
1373.0,0.00012320303707383573,0.0001897605397971347
1374.0,0.0001205809111124836,0.00018756595090962946
1375.0,0.00012030044221319259,0.00025275410735048354
1376.0,0.0001349809595849365,0.00018757391080725938
1377.0,0.00014110361423809082,0.00019526165851857513
1378.0,0.0001306197049561888,0.0002009925665333867
1379.0,0.00012969420035369695,0.0002143952442565933
1380.0,0.00014343018573708833,0.00019971688743680716
1381.0,0.00012859133211895823,0.00021514711261261255
1382.0,0.0001224084217683412,0.00021931911760475487
1383.0,0.00012470384367043152,0.00018137659935746342
1384.0,0.00012457707861904054,0.00018737166828941554
1385.0,0.00011998943833168596,0.0001821840851334855
1386.0,0.00012223920854739846,0.00019421122851781547
1387.0,0.00012153139291331172,0.00019080133643001318
1388.0,0.00012113279767800123,0.0001893429143819958
1389.0,0.00012122900888789445,0.00018556175928097218
1390.0,0.0001213521066820249,0.0001934533065650612
1391.0,0.00012447696755407377,0.00021017111430410296
1392.0,0.00012616867246106268,0.0002086519671138376
1393.0,0.0001242348763626069,0.00019580461957957596
1394.0,0.00012278757407329976,0.00020199359278194606
1395.0,0.0001266831794055179,0.00018605479272082448
1396.0,0.00012975032965186983,0.00018534917035140097
1397.0,0.00011878982791677117,0.00018918384739663452
1398.0,0.00013002565695205702,0.00019039293692912906
1399.0,0.00011639495706185698,0.00019060321210417897
1400.0,0.00011632390262093395,0.00018964346963912249
1401.0,0.00011659440299263224,0.0001979751541512087
1402.0,0.00012392812536563723,0.00018294985056854784
1403.0,0.00012137063191039487,0.00018505332991480827
1404.0,0.00012485286587616428,0.00017926172586157918
1405.0,0.00012127221084665508,0.00018260192882735282
1406.0,0.00011636719456873834,0.0001849915279308334
1407.0,0.00012257814721670002,0.0001977261999854818
1408.0,0.0001221717661828734,0.00019470280676614493
1409.0,0.00012240178853971883,0.00021020100393798202
1410.0,0.00012410604063188658,0.00019406461797188967
1411.0,0.00011588425299851224,0.00020180927822366357
1412.0,0.00012250541459070518,0.00018167521920986474
1413.0,0.00011964280577376485,0.0001946938136825338
1414.0,0.0001271613641292788,0.00017699981981422752
1415.0,0.0001239535240456462,0.0001913941523525864
1416.0,0.00012178645015228539,0.0001773181138560176
1417.0,0.00012159577169222757,0.00017997373652178794
1418.0,0.00012392299203202128,0.00022089148114901036
1419.0,0.00013371038454351947,0.00020322117779869586
1420.0,0.00011826593708246946,0.00020362224313430488
1421.0,0.00014216195209883155,0.00019368523498997092
1422.0,0.00012247728079091758,0.00019155660993419588
1423.0,0.0001208734584506601,0.000196911976672709
1424.0,0.00012757773004705086,0.0001832746056606993
1425.0,0.00012721894856076687,0.0002314349403604865
1426.0,0.00012361015932401643,0.00019525564857758582
1427.0,0.00011560189170995728,0.00019624549895524979
1428.0,0.00012075925164390355,0.00020861269149463624
1429.0,0.00012773695646319539,0.0001940728398039937
1430.0,0.00012639969581505284,0.00018689860007725656
1431.0,0.0001227602211292833,0.00018557692237664014
1432.0,0.00012591833248734474,0.00020933344785589725
1433.0,0.0001438585517462343,0.0002133707021130249
1434.0,0.0001303692435612902,0.0001912477018777281
1435.0,0.00012061079265549778,0.0001974792976398021
1436.0,0.00012600952584762126,0.00019196579523850232
1437.0,0.0001228740190854296,0.00021214529988355935
1438.0,0.00012792172539047896,0.00020839020726270974
1439.0,0.00012996075849514455,0.00019065900414716452
1440.0,0.0001291846736567095,0.00018504586478229612
1441.0,0.00011512194573879243,0.00018797289521899074
1442.0,0.00012356246146373451,0.00020398198103066534
1443.0,0.00012119504273869097,0.00018476731202099472
1444.0,0.00011453030211851001,0.00019383606559131294
1445.0,0.00012083410593913868,0.00018241336510982364
1446.0,0.00011945928231580184,0.00017965049482882023
1447.0,0.00012281282956246286,0.00021643572836183012
1448.0,0.00012579471681965516,0.0001894883025670424
1449.0,0.00011827516969060525,0.00020429622964002192
1450.0,0.0001189220129745081,0.00018475658725947142
1451.0,0.0001325786232482642,0.0001805920182960108
1452.0,0.00012447769939899446,0.00023801943461876363
1453.0,0.0001263814098201692,0.00019383472681511194
1454.0,0.0001170383000280708,0.00017726278747431934
1455.0,0.00011710798030253499,0.00020913270418532193
1456.0,0.00012440215918468311,0.0002052163181360811
1457.0,0.00012318462366238238,0.0001844631478888914
1458.0,0.00011325706704519689,0.00018064536561723799
1459.0,0.00012209592224098742,0.00020363768271636218
1460.0,0.0001294103608233854,0.0002098732948070392
1461.0,0.00012226421874947846,0.00020276587747503072
1462.0,0.00012807494105072692,0.00020357087487354875
1463.0,0.00013324061199091375,0.00023547776800114661
1464.0,0.00012523022352252156,0.0002014285564655438
1465.0,0.00012227188050746918,0.00018768890004139394
1466.0,0.00011715135583654047,0.00018597496091388166
1467.0,0.00011988277442287654,0.00019419136515352875
1468.0,0.00011739310791017487,0.00019492993305902928
1469.0,0.00011798755911877379,0.00017597823170945048
1470.0,0.00012008665152825415,0.00019230967154726386
1471.0,0.00011740999366156757,0.00021900064893998206
1472.0,0.000137524071498774,0.00018241752695757896
1473.0,0.0001213749849703163,0.00020392038277350366
1474.0,0.00012025759043172002,0.0001967085845535621
1475.0,0.00012197941419435665,0.00018995169375557452
1476.0,0.00012466086843051016,0.00017827136616688222
1477.0,0.0001205392520641908,0.00018482115410733968
1478.0,0.0001280436860397458,0.00017892057076096535
1479.0,0.00011449386255117133,0.00017620279686525464
1480.0,0.00012151771318167448,0.0002043929707724601
1481.0,0.00011839342827443034,0.00020400737412273884
1482.0,0.00012360649509355427,0.0002051920018857345
1483.0,0.00012739561789203434,0.00020327672245912254
1484.0,0.000122655441169627,0.0001903850061353296
1485.0,0.00011772338656010107,0.00018671821453608572
1486.0,0.00011603594425832853,0.0001797278964659199
1487.0,0.00012163477728608995,0.00018408970208838582
1488.0,0.00011682511394610629,0.00017670624947641045
1489.0,0.00011684036289807409,0.00020638237765524536
1490.0,0.000124435794132296,0.00021062827727291733
1491.0,0.0001247015146072954,0.0001728009810904041
1492.0,0.0001155187037657015,0.00019875973521266133
1493.0,0.00012423180614132433,0.0001902929216157645
1494.0,0.00011748914344934747,0.00018867960898205638
1495.0,0.00011416592804016546,0.0001929750869749114
1496.0,0.00012204251892399043,0.0001887626276584342
1497.0,0.00012283553305314854,0.00021137067233212292
1498.0,0.00011744453036226333,0.00019139402138534933
1499.0,0.00011118296021595598,0.0001790906535461545
1500.0,0.00011645216390024871,0.00019743951270356774
1501.0,0.000137080461892765,0.00019516255997586995
1502.0,0.00014159726246725768,0.0002069715119432658
1503.0,0.0001210219471831806,0.00019183685071766376
1504.0,0.0001139368235017173,0.00016960942593868822
1505.0,0.00010788412456167862,0.00018482617451809347
1506.0,0.00011847900960128754,0.00018906335753854364
1507.0,0.00012108752341009676,0.00018194812582805753
1508.0,0.00011682319489773363,0.00017815017781686038
1509.0,0.000131903929868713,0.00018223797087557614
1510.0,0.00011706210265401751,0.000178721355041489
1511.0,0.00010834899300243706,0.00020043912809342146
1512.0,0.00011088106414536014,0.00017818112974055111
1513.0,0.00010857959848362952,0.00020521609985735267
1514.0,0.0001263187897275202,0.00017918595403898507
1515.0,0.00011912663164548576,0.0001883307850221172
1516.0,0.00012001058220630511,0.00019870066898874938
1517.0,0.00011652151966700331,0.00017063450650312006
1518.0,0.00011208342597819864,0.00018834436195902526
1519.0,0.00011729997163638473,0.00019833938858937472
1520.0,0.00013057242933427914,0.00017490462050773203
1521.0,0.00012069610500475391,0.00018959942099172622
1522.0,0.00012243325024610387,0.00020098176901228726
1523.0,0.00012253740825690328,0.0001852929126471281
1524.0,0.00011957431968767196,0.00018187610839959234
1525.0,0.00011294451507274061,0.00020502870029304177
1526.0,0.00012131103908177465,0.00018154093413613737
1527.0,0.00011878147779498249,0.00018245202954858541
1528.0,0.00012379246507771314,0.0001812830159906298
1529.0,0.0001161323151900433,0.00017940315592568368
1530.0,0.00011697837704559789,0.00017472887702751905
1531.0,0.00011953384231310338,0.00018342537805438042
1532.0,0.00011751626274781301,0.00018180055485572666
1533.0,0.00011265789193566888,0.0001781183382263407
1534.0,0.00011282800347544253,0.00017857835337053984
1535.0,0.00011863433907274157,0.00018932584498543292
1536.0,0.00012291495798854159,0.00019330049690324813
1537.0,0.00011681667366065085,0.00021867695613764226
1538.0,0.00013055748597253113,0.00016520881035830826
1539.0,0.00010977631941204891,0.00016951849102042615
1540.0,0.00011906560498755425,0.000261151697486639
1541.0,0.00014798212668392808,0.00019276798411738127
1542.0,0.0001226008892990649,0.00020008947467431426
1543.0,0.00012148635537596419,0.00017407661653123796
1544.0,0.00011379493970889599,0.00018517841817811131
1545.0,0.0001129898214712739,0.00018098270811606199
1546.0,0.00010934737755451351,0.00019400966993998736
1547.0,0.00011010269063990563,0.00017595886311028153
1548.0,0.00011850811110343784,0.00021377947996370494
1549.0,0.0001235373739618808,0.0001868000690592453
1550.0,0.00012227279617218302,0.00018483232997823507
1551.0,0.00011329032911453396,0.00017761450726538897
1552.0,0.00011529342434369028,0.00018871038628276438
1553.0,0.0001222799854585901,0.0001899063790915534
1554.0,0.00010920502274530008,0.00017596689576748759
1555.0,0.00010806747223250568,0.00019288303155917674
1556.0,0.00012405662739183753,0.00022468471433967352
1557.0,0.00012612086755689234,0.00019143850659020245
1558.0,0.0001178416630718857,0.00018716775230132043
1559.0,0.0001226404297631234,0.000182968913577497
1560.0,0.0001086361002526246,0.00017523525457363576
1561.0,0.00011374811618588865,0.00018992538389284164
1562.0,0.00011735151032917201,0.0001881982752820477
1563.0,0.00012015614996198565,0.00022133860329631716
1564.0,0.00012167353968834505,0.0001798421290004626
1565.0,0.0001085190872545354,0.00019131832232233137
1566.0,0.00011057275778148323,0.0001978718355530873
1567.0,0.00011587394750677049,0.00019547469855751842
1568.0,0.00012475076806731523,0.00020040023082401603
1569.0,0.0001166573166847229,0.00017289718380197883
1570.0,0.0001098928959108889,0.00019067199900746346
1571.0,0.00010949873377103359,0.00018119574815500528
1572.0,0.00011290995945455507,0.00018408906180411577
1573.0,0.00012306957074906678,0.00019543066446203738
1574.0,0.00011254165711579844,0.0001802628394216299
1575.0,0.00012057014898164198,0.00018501367594581097
1576.0,0.0001197842750698328,0.00022139686916489154
1577.0,0.00011854855722049252,0.00018162012565881014
1578.0,0.00011251755501143634,0.0001823513157432899
1579.0,0.0001091814181418158,0.00020625352044589818
1580.0,0.0001242450773715973,0.00023297556617762893
1581.0,0.00013173340517096222,0.00018042608280666173
1582.0,0.0001286779793445021,0.00017938704695552588
1583.0,0.00011620068695629016,0.0001740923908073455
1584.0,0.00011242115765344351,0.0001883845980046317
1585.0,0.0001299890562077053,0.0002043589629465714
1586.0,0.00012087639386299998,0.0001741099840728566
1587.0,0.00011228375579230488,0.0001768643851391971
1588.0,0.00011251103749964386,0.00017977609240915626
1589.0,0.00010631584719521925,0.00017746951198205352
1590.0,0.00010806074511492625,0.0001845313236117363
1591.0,0.0001090743764070794,0.0001710219803499058
1592.0,0.0001275581131922081,0.00018361055117566139
1593.0,0.0001300493436283432,0.00020904660050291568
1594.0,0.00011211404670029878,0.00016611535102128983
1595.0,0.0001073747999034822,0.00019480654736980796
1596.0,0.00011306531797163188,0.00017576059326529503
1597.0,0.00011040582519490272,0.00018320987874176353
1598.0,0.00011075312714092434,0.00019201221584808081
1599.0,0.00011241102527128533,0.00020738215243909508
1600.0,0.00011250165430828928,0.00017688564548734576
1601.0,0.00011505174962803721,0.00022149407595861703
1602.0,0.00011378666490782052,0.00018369228928349912
1603.0,0.00011426007054978981,0.00017816458421293646
1604.0,0.00011535757640376687,0.00018444178567733616
1605.0,0.00012172058026771992,0.0001930908765643835
1606.0,0.00011751586978789419,0.00017925523570738733
1607.0,0.00011222091253148392,0.00017239939188584685
1608.0,0.00010523997055133804,0.00017008543363772333
1609.0,0.00011021353618707508,0.00021421164274215698
1610.0,0.0001137636219500564,0.0001747513160808012
1611.0,0.00011667927994858474,0.00019403417536523193
1612.0,0.00011775707500055433,0.0001801224279915914
1613.0,0.00012705197092145683,0.00020632003725040704
1614.0,0.00011709646228700877,0.00018980693130288273
1615.0,0.00011113895638845861,0.00017654887051321566
1616.0,0.00011023544898489491,0.0001763692416716367
1617.0,0.0001093740698415786,0.00018929805082734674
1618.0,0.00012194098893087357,0.0001809431705623865
1619.0,0.00012551119254203513,0.0001858078030636534
1620.0,0.000132284136780072,0.00019225820142310113
1621.0,0.0001189663780387491,0.000169038976309821
1622.0,0.00010929946944816038,0.0001783849875209853
1623.0,0.0001071098634856753,0.0001781571190804243
1624.0,0.00011047789896838367,0.00018115699640475214
1625.0,0.00011229978979099542,0.00018422066932544112
1626.0,0.0001134966371464543,0.00020472083997447044
1627.0,0.00010821506899083033,0.00018128649389836937
1628.0,0.0001158343943534419,0.0001725993788568303
1629.0,0.00010721891146386042,0.00017960193508770317
1630.0,0.00011740559164900333,0.00019230919133406132
1631.0,0.00011425715853692964,0.0001892712461994961
1632.0,0.00011816314962925389,0.00018189381808042526
1633.0,0.00012324668787186966,0.00019245904695708305
1634.0,0.0001164623429067433,0.00016878265887498856
1635.0,0.0001044071553624235,0.00020203685562592
1636.0,0.00010675636399537325,0.00016535268514417112
1637.0,0.00010833948059007526,0.0001874502922873944
1638.0,0.00011033468146342785,0.0001713659439701587
